KG-NR;GST-NR;G;BA;NU;TIND;IND;FLAECHE;EMZ;GFN;GFT;KG-EZ;EZ #01.04.2023#
"41005";".66";"";1;"01";"";"";280;;"10075/2012/41";"GFT20";"41005";102
"41005";".70";"";1;"01";"T";"";429;;"10075/2012/41";"GFT20";"41005";174
"41005";".70";"";1;"02";"T";"";49;;"10075/2012/41";"GFT20";"41005";174
"41005";".71";"";2;"01";"";"";32;5;"10577/2012/41";"GFT31";"41005";174
"41005";".76";"";1;"01";"T";"";510;;"10075/2012/41";"GFT20";"41005";51
"41005";".76";"";8;"05";"T";"";26;;"10075/2012/41";"GFT20";"41005";51
"41005";".78";"";1;"01";"T";"";212;;"10075/2012/41";"GFT20";"41005";52
"41005";".78";"";1;"02";"T";"";16;;"10075/2012/41";"GFT20";"41005";52
"41005";".79/1";"";1;"01";"T";"";834;;"10075/2012/41";"GFT20";"41005";53
"41005";".79/1";"";1;"02";"T";"";82;;"10075/2012/41";"GFT20";"41005";53
"41005";".81";"";1;"01";"";"";347;;"10075/2012/41";"GFT20";"41005";50
"41005";".82";"";1;"01";"";"";348;;"10075/2012/41";"GFT20";"41005";48
"41005";".84";"";1;"01";"";"";440;;"10075/2012/41";"GFT20";"41005";47
"41005";".85/1";"";1;"01";"T";"";514;;"10075/2012/41";"GFT20";"41005";49
"41005";".85/1";"";1;"02";"T";"";66;;"10075/2012/41";"GFT20";"41005";49
"41005";".85/2";"";1;"01";"";"";358;;"10075/2012/41";"GFT20";"41005";54
"41005";".86";"";1;"01";"";"";182;;"10075/2012/41";"GFT20";"41005";59
"41005";".87";"";1;"01";"";"";347;;"10075/2012/41";"GFT20";"41005";176
"41005";".88/1";"";1;"01";"";"";543;;"10075/2012/41";"GFT20";"41005";58
"41005";".88/2";"";1;"01";"";"";246;;"10075/2012/41";"GFT20";"41005";130
"41005";".90/1";"";1;"01";"";"";201;;"10075/2012/41";"GFT20";"41005";170
"41005";".90/2";"";1;"01";"";"";122;;"10075/2012/41";"GFT20";"41005";149
"41005";".90/3";"";1;"01";"";"";41;;"10075/2012/41";"GFT20";"41005";170
"41005";".91";"";1;"01";"T";"";391;;"10075/2012/41";"GFT20";"41005";56
"41005";".91";"";1;"02";"T";"";59;;"10075/2012/41";"GFT20";"41005";56
"41005";".92";"";1;"01";"";"";112;;"10075/2012/41";"GFT20";"41005";152
"41005";".93";"";2;"03";"";"";191;4;"135/2023/41";"GFT31";"41005";65
"41005";".94";"";1;"01";"";"";336;;"10075/2012/41";"GFT20";"41005";63
"41005";".95";"";1;"01";"T";"";433;;"10075/2012/41";"GFT20";"41005";161
"41005";".95";"";1;"02";"T";"";157;;"10075/2012/41";"GFT20";"41005";161
"41005";".97/1";"";1;"01";"";"";210;;"10075/2012/41";"GFT20";"41005";158
"41005";".98";"";1;"01";"T";"";595;;"10075/2012/41";"GFT20";"41005";62
"41005";".98";"";1;"02";"T";"";42;;"10075/2012/41";"GFT20";"41005";62
"41005";".99";"";1;"01";"";"*";193;;"10075/2012/41";"GFT20";"41005";159
"41005";".100";"";1;"01";"T";"*";321;;"363/2022/41";"GFT34";"41005";159
"41005";".100";"";8;"05";"T";"*";72;;"363/2022/41";"GFT34";"41005";159
"41005";".104";"";1;"01";"T";"";672;;"10075/2012/41";"GFT20";"41005";80
"41005";".104";"";1;"02";"T";"";96;;"10075/2012/41";"GFT20";"41005";80
"41005";".105";"";1;"01";"";"";338;;"10075/2012/41";"GFT20";"41005";74
"41005";".107";"";1;"01";"";"";20;;"346/2023/41";"GFT20";"41005";78
"41005";".108";"";1;"01";"T";"";576;;"402/2014/41";"GFT20";"41005";76
"41005";".108";"";1;"02";"T";"";38;;"402/2014/41";"GFT20";"41005";76
"41005";".109";"";1;"01";"";"";279;;"10075/2012/41";"GFT20";"41005";78
"41005";".111";"";1;"01";"";"";180;;"10075/2012/41";"GFT20";"41005";73
"41005";".113";"";1;"01";"T";"";596;;"10075/2012/41";"GFT20";"41005";75
"41005";".113";"";1;"02";"T";"";71;;"10075/2012/41";"GFT20";"41005";75
"41005";".113";"";8;"05";"T";"";78;;"10075/2012/41";"GFT20";"41005";75
"41005";".115";"";6;"01";"";"";342;;"10075/2012/41";"GFT20";"41005";70
"41005";".118/1";"";1;"01";"";"";288;;"10075/2012/41";"GFT20";"41005";71
"41005";".118/2";"";1;"01";"";"";101;;"10075/2012/41";"GFT20";"41005";103
"41005";".120";"";1;"01";"";"";176;;"10075/2012/41";"GFT20";"41005";68
"41005";".122";"";1;"01";"";"";281;;"402/2014/41";"GFT20";"41005";184
"41005";".123";"";1;"01";"";"";205;;"10075/2012/41";"GFT20";"41005";82
"41005";".133";"";1;"01";"";"";125;;"10075/2012/41";"GFT20";"41005";49
"41005";".134";"";1;"01";"";"";22;;"10075/2012/41";"GFT20";"41005";47
"41005";".135";"";1;"01";"";"";104;;"10075/2012/41";"GFT20";"41005";130
"41005";".136";"";1;"01";"";"";167;;"10075/2012/41";"GFT20";"41005";134
"41005";"873/3";"";2;"03";"T";"";2938;176;"329/2019/41";"GFT20";"41005";166
"41005";"873/3";"";6;"01";"T";"";735613;;"329/2019/41";"GFT20";"41005";166
"41005";"873/3";"";6;"03";"T";"";11543;;"329/2019/41";"GFT20";"41005";166
"41005";"873/3";"";7;"02";"T";"";3837;;"329/2019/41";"GFT20";"41005";166
"41005";"873/3";"";8;"06";"T";"";10972;;"329/2019/41";"GFT20";"41005";166
"41005";"912/4";"";6;"01";"";"";9119;;"10075/2012/41";"GFT20";"41005";150
"41005";"912/5";"";8;"06";"";"*";1869;;"10075/2012/41";"GFT20";"41005";144
"41005";"913/2";"";6;"01";"";"";7886;;"10075/2012/41";"GFT20";"41005";163
"41005";"941/2";"";8;"06";"";"*";9984;;"10075/2012/41";"GFT20";"41005";144
"41005";"942";"";2;"01";"T";"";5172;780;"402/2014/41";"GFT20";"41005";135
"41005";"942";"";2;"03";"T";"";609;21;"402/2014/41";"GFT20";"41005";135
"41005";"942";"";6;"01";"T";"";12091;;"402/2014/41";"GFT20";"41005";135
"41005";"953";"";1;"01";"T";"";195;;"402/2014/41";"GFT20";"41005";135
"41005";"953";"";2;"01";"T";"";7361;1235;"402/2014/41";"GFT20";"41005";135
"41005";"954";"";1;"01";"T";"";53;;"135/2023/41";"GFT31";"41005";102
"41005";"954";"";2;"01";"T";"";16378;2363;"135/2023/41";"GFT31";"41005";102
"41005";"954";"";2;"03";"T";"";590;12;"135/2023/41";"GFT31";"41005";102
"41005";"954";"";6;"01";"T";"";2472;;"135/2023/41";"GFT31";"41005";102
"41005";"954";"";8;"05";"T";"";293;;"135/2023/41";"GFT31";"41005";102
"41005";"955";"";2;"01";"";"";1422;270;"10577/2012/41";"GFT31";"41005";102
"41005";"964";"";2;"01";"T";"";3501;565;"329/2019/41";"GFT20";"41005";166
"41005";"964";"";2;"03";"T";"";1441;115;"329/2019/41";"GFT20";"41005";166
"41005";"964";"";6;"01";"T";"";10476;;"329/2019/41";"GFT20";"41005";166
"41005";"964";"";6;"03";"T";"";87;;"329/2019/41";"GFT20";"41005";166
"41005";"964";"";8;"01";"T";"";1024;;"329/2019/41";"GFT20";"41005";166
"41005";"979/1";"";6;"01";"T";"";716890;;"329/2019/41";"GFT20";"41005";166
"41005";"979/1";"";6;"03";"T";"";13033;;"329/2019/41";"GFT20";"41005";166
"41005";"983/1";"";6;"01";"";"";86055;;"10075/2012/41";"GFT20";"41005";91
"41005";"983/2";"";6;"01";"";"*";19345;;"10075/2012/41";"GFT20";"41005";163
"41005";"999";"";2;"01";"T";"";14846;2514;"346/2023/41";"GFT20";"41005";166
"41005";"999";"";2;"03";"T";"";1000;60;"346/2023/41";"GFT20";"41005";166
"41005";"999";"";6;"01";"T";"";35015;;"346/2023/41";"GFT20";"41005";166
"41005";"999";"";6;"03";"T";"";553;;"346/2023/41";"GFT20";"41005";166
"41005";"1020";"";6;"01";"";"";3632;;"10075/2012/41";"GFT20";"41005";166
"41005";"1022";"";2;"01";"";"";9653;1544;"10577/2012/41";"GFT31";"41005";42
"41005";"1028";"";2;"01";"T";"";2844;455;"402/2014/41";"GFT20";"41005";42
"41005";"1028";"";6;"01";"T";"";324;;"402/2014/41";"GFT20";"41005";42
"41005";"1030";"";2;"01";"T";"";869;139;"10577/2012/41";"GFT31";"41005";42
"41005";"1030";"";6;"01";"T";"";353;;"10577/2012/41";"GFT31";"41005";42
"41005";"1034";"";6;"01";"T";"";15714;;"329/2019/41";"GFT20";"41005";166
"41005";"1034";"";6;"03";"T";"";307;;"329/2019/41";"GFT20";"41005";166
"41005";"1035/2";"";6;"01";"T";"";216051;;"329/2019/41";"GFT20";"41005";166
"41005";"1035/2";"";6;"03";"T";"";1803;;"329/2019/41";"GFT20";"41005";166
"41005";"1043/1";"";2;"01";"T";"";22458;4017;"10577/2012/41";"GFT31";"41005";174
"41005";"1043/1";"";2;"03";"T";"";542;11;"10577/2012/41";"GFT31";"41005";174
"41005";"1043/1";"";6;"01";"T";"";3002;;"10577/2012/41";"GFT31";"41005";174
"41005";"1043/2";"G";6;"01";"";"*";5742;;"10075/2012/41";"GFT20";"41005";174
"41005";"1045/1";"";2;"01";"T";"";24481;4872;"10577/2012/41";"GFT31";"41005";174
"41005";"1045/1";"";2;"03";"T";"";169;;"10577/2012/41";"GFT31";"41005";174
"41005";"1045/1";"";8;"05";"T";"";68;;"10577/2012/41";"GFT31";"41005";174
"41005";"1045/2";"";1;"01";"T";"";121;;"10577/2012/41";"GFT31";"41005";174
"41005";"1045/2";"";2;"01";"T";"";15822;2511;"10577/2012/41";"GFT31";"41005";174
"41005";"1045/2";"";2;"03";"T";"";161;;"10577/2012/41";"GFT31";"41005";174
"41005";"1045/2";"";6;"01";"T";"";3850;;"10577/2012/41";"GFT31";"41005";174
"41005";"1045/2";"";8;"05";"T";"";76;;"10577/2012/41";"GFT31";"41005";174
"41005";"1052";"";2;"01";"T";"";34846;6359;"10577/2012/41";"GFT31";"41005";46
"41005";"1052";"";2;"03";"T";"";343;7;"10577/2012/41";"GFT31";"41005";46
"41005";"1052";"";6;"01";"T";"";940;;"10577/2012/41";"GFT31";"41005";46
"41005";"1057";"";1;"01";"T";"";282;;"10577/2012/41";"GFT31";"41005";164
"41005";"1057";"";2;"01";"T";"";4688;844;"10577/2012/41";"GFT31";"41005";164
"41005";"1057";"";6;"01";"T";"";1432;;"10577/2012/41";"GFT31";"41005";164
"41005";"1057";"";7;"02";"T";"";73;;"10577/2012/41";"GFT31";"41005";164
"41005";"1057";"";8;"05";"T";"";678;;"10577/2012/41";"GFT31";"41005";164
"41005";"1058";"";1;"01";"T";"";20;;"329/2019/41";"GFT20";"41005";46
"41005";"1058";"";2;"01";"T";"";1375;220;"329/2019/41";"GFT20";"41005";46
"41005";"1058";"";2;"03";"T";"";58;;"329/2019/41";"GFT20";"41005";46
"41005";"1058";"";6;"01";"T";"";498;;"329/2019/41";"GFT20";"41005";46
"41005";"1058";"";6;"03";"T";"";5;;"329/2019/41";"GFT20";"41005";46
"41005";"1065";"";2;"01";"T";"";3093;495;"10577/2012/41";"GFT31";"41005";46
"41005";"1065";"";2;"03";"T";"";563;11;"10577/2012/41";"GFT31";"41005";46
"41005";"1072";"";2;"01";"";"*";6778;1559;"10577/2012/41";"GFT31";"41005";50
"41005";"1079";"";2;"01";"T";"";11560;1717;"10577/2012/41";"GFT31";"41005";50
"41005";"1079";"";6;"01";"T";"";86241;;"10577/2012/41";"GFT31";"41005";50
"41005";"1084";"";1;"01";"T";"";14;;"712/2019/41";"GFT1";"41005";46
"41005";"1084";"";2;"01";"T";"";4488;719;"712/2019/41";"GFT1";"41005";46
"41005";"1084";"";2;"03";"T";"";690;14;"712/2019/41";"GFT1";"41005";46
"41005";"1084";"";6;"01";"T";"";12855;;"712/2019/41";"GFT1";"41005";46
"41005";"1084";"";8;"01";"T";"";127;;"712/2019/41";"GFT1";"41005";46
"41005";"1087/3";"";1;"01";"T";"*";71;;"341/2018/41";"GFT34";"41005";146
"41005";"1087/3";"";3;"01";"T";"*";257;;"341/2018/41";"GFT34";"41005";146
"41005";"1087/3";"";6;"01";"T";"*";3901;;"341/2018/41";"GFT34";"41005";146
"41005";"1087/4";"";1;"01";"T";"*";140;;"341/2018/41";"GFT34";"41005";146
"41005";"1087/4";"";3;"01";"T";"*";428;;"341/2018/41";"GFT34";"41005";146
"41005";"1088";"";2;"01";"T";"";11775;1728;"10577/2012/41";"GFT31";"41005";46
"41005";"1088";"";2;"03";"T";"";23;;"10577/2012/41";"GFT31";"41005";46
"41005";"1088";"";6;"01";"T";"";1490;;"10577/2012/41";"GFT31";"41005";46
"41005";"1094/3";"";6;"01";"";"";239;;"10075/2012/41";"GFT20";"41005";50
"41005";"1096/3";"";6;"01";"";"";8579;;"712/2019/41";"GFT1";"41005";50
"41005";"1096/4";"";2;"01";"T";"";19054;3802;"10577/2012/41";"GFT31";"41005";50
"41005";"1096/4";"";6;"01";"T";"";16713;;"10577/2012/41";"GFT31";"41005";50
"41005";"1096/4";"";8;"01";"T";"";531;;"10577/2012/41";"GFT31";"41005";50
"41005";"1096/6";"";6;"01";"";"";1845;;"10075/2012/41";"GFT20";"41005";46
"41005";"1096/9";"";2;"03";"";"*";92;;"10577/2012/41";"GFT31";"41005";50
"41005";"1096/10";"G";6;"01";"";"*";3656;;"10075/2012/41";"GFT20";"41005";175
"41005";"1098";"";1;"01";"T";"";68;;"10577/2012/41";"GFT31";"41005";51
"41005";"1098";"";2;"01";"T";"";17074;3953;"10577/2012/41";"GFT31";"41005";51
"41005";"1098";"";2;"03";"T";"";355;7;"10577/2012/41";"GFT31";"41005";51
"41005";"1098";"";8;"05";"T";"";51;;"10577/2012/41";"GFT31";"41005";51
"41005";"1108";"";1;"01";"T";"";542;;"135/2023/41";"GFT31";"41005";51
"41005";"1108";"";2;"01";"T";"";20964;2917;"135/2023/41";"GFT31";"41005";51
"41005";"1108";"";2;"03";"T";"";143;;"135/2023/41";"GFT31";"41005";51
"41005";"1108";"";6;"01";"T";"";11443;;"135/2023/41";"GFT31";"41005";51
"41005";"1108";"";8;"05";"T";"";2377;;"135/2023/41";"GFT31";"41005";51
"41005";"1113";"";2;"01";"T";"";47884;9149;"329/2019/41";"GFT20";"41005";51
"41005";"1113";"";2;"03";"T";"";1299;51;"329/2019/41";"GFT20";"41005";51
"41005";"1113";"";6;"01";"T";"";8542;;"329/2019/41";"GFT20";"41005";51
"41005";"1113";"";7;"02";"T";"";73;;"329/2019/41";"GFT20";"41005";51
"41005";"1121/3";"G";1;"01";"T";"*";170;;"192/2021/41";"GFT16";"41005";139
"41005";"1121/3";"G";3;"01";"T";"*";841;;"192/2021/41";"GFT16";"41005";139
"41005";"1121/4";"G";2;"01";"";"*";355;64;"135/2023/41";"GFT31";"41005";139
"41005";"1122/2";"";6;"01";"";"";10179;;"346/2023/41";"GFT20";"41005";51
"41005";"1129";"";2;"01";"T";"";9455;1736;"974/2017/41";"GFT34";"41005";51
"41005";"1129";"";6;"01";"T";"";10667;;"974/2017/41";"GFT34";"41005";51
"41005";"1137";"";2;"01";"T";"";18869;2729;"402/2014/41";"GFT20";"41005";52
"41005";"1137";"";2;"03";"T";"";14457;785;"402/2014/41";"GFT20";"41005";52
"41005";"1137";"";6;"01";"T";"";18108;;"402/2014/41";"GFT20";"41005";52
"41005";"1148";"";1;"01";"T";"";188;;"402/2014/41";"GFT20";"41005";52
"41005";"1148";"";2;"01";"T";"";18986;1892;"402/2014/41";"GFT20";"41005";52
"41005";"1148";"";2;"03";"T";"";6514;385;"402/2014/41";"GFT20";"41005";52
"41005";"1148";"";8;"05";"T";"";503;;"402/2014/41";"GFT20";"41005";52
"41005";"1149/3";"";1;"01";"T";"";27;;"10577/2012/41";"GFT31";"41005";52
"41005";"1149/3";"";2;"01";"T";"";446;72;"10577/2012/41";"GFT31";"41005";52
"41005";"1149/3";"";8;"05";"T";"";228;;"10577/2012/41";"GFT31";"41005";52
"41005";"1151";"";2;"01";"";"";7197;1606;"10075/2012/41";"GFT20";"41005";51
"41005";"1155/1";"";1;"01";"T";"";447;;"402/2014/41";"GFT20";"41005";53
"41005";"1155/1";"";2;"01";"T";"";41582;7861;"402/2014/41";"GFT20";"41005";53
"41005";"1155/1";"";2;"03";"T";"";1979;63;"402/2014/41";"GFT20";"41005";53
"41005";"1155/1";"";6;"01";"T";"";3084;;"402/2014/41";"GFT20";"41005";53
"41005";"1155/1";"";8;"05";"T";"";1689;;"402/2014/41";"GFT20";"41005";53
"41005";"1155/2";"G";1;"01";"T";"*";139;;"402/2014/41";"GFT20";"41005";53
"41005";"1155/2";"G";3;"01";"T";"*";522;;"402/2014/41";"GFT20";"41005";53
"41005";"1166";"";2;"01";"T";"";9641;1573;"10577/2012/41";"GFT31";"41005";53
"41005";"1166";"";6;"01";"T";"";1077;;"10577/2012/41";"GFT31";"41005";53
"41005";"1167";"";2;"01";"T";"";451;72;"10577/2012/41";"GFT31";"41005";166
"41005";"1167";"";6;"01";"T";"";51398;;"10577/2012/41";"GFT31";"41005";166
"41005";"1168";"";2;"01";"T";"";16054;3583;"10577/2012/41";"GFT31";"41005";50
"41005";"1168";"";2;"03";"T";"";22;;"10577/2012/41";"GFT31";"41005";50
"41005";"1168";"";6;"01";"T";"";7354;;"10577/2012/41";"GFT31";"41005";50
"41005";"1173/4";"";6;"01";"T";"";71;;"807/2017/41";"GFT34";"41005";50
"41005";"1173/4";"";8;"05";"T";"";93;;"807/2017/41";"GFT34";"41005";50
"41005";"1178/3";"G";1;"01";"T";"*";257;;"10075/2012/41";"GFT20";"41005";157
"41005";"1178/3";"G";3;"01";"T";"*";881;;"10075/2012/41";"GFT20";"41005";157
"41005";"1179/2";"";2;"01";"";"";1118;179;"10577/2012/41";"GFT31";"41005";50
"41005";"1181";"";1;"01";"T";"";24;;"177/2021/41";"GFT1";"41005";50
"41005";"1181";"";2;"01";"T";"";14984;2948;"177/2021/41";"GFT1";"41005";50
"41005";"1181";"";2;"03";"T";"";62;;"177/2021/41";"GFT1";"41005";50
"41005";"1181";"";6;"01";"T";"";3486;;"177/2021/41";"GFT1";"41005";50
"41005";"1181";"";8;"05";"T";"";67;;"177/2021/41";"GFT1";"41005";50
"41005";"1183";"";1;"01";"T";"";159;;"695/2020/41";"GFT34";"41005";50
"41005";"1183";"";2;"01";"T";"";385;68;"695/2020/41";"GFT34";"41005";50
"41005";"1183";"";6;"01";"T";"";589;;"695/2020/41";"GFT34";"41005";50
"41005";"1184";"";1;"01";"T";"";95;;"329/2019/41";"GFT20";"41005";50
"41005";"1184";"";2;"01";"T";"";5672;988;"329/2019/41";"GFT20";"41005";50
"41005";"1184";"";8;"01";"T";"";660;;"329/2019/41";"GFT20";"41005";50
"41005";"1184";"";8;"05";"T";"";166;;"329/2019/41";"GFT20";"41005";50
"41005";"1189";"";2;"01";"T";"";7341;1377;"402/2014/41";"GFT20";"41005";48
"41005";"1189";"";2;"03";"T";"";638;13;"402/2014/41";"GFT20";"41005";48
"41005";"1189";"";7;"02";"T";"";223;;"402/2014/41";"GFT20";"41005";48
"41005";"1189";"";8;"05";"T";"";691;;"402/2014/41";"GFT20";"41005";48
"41005";"1192/1";"";2;"01";"T";"";15283;3515;"10577/2012/41";"GFT31";"41005";48
"41005";"1192/1";"";2;"03";"T";"";755;15;"10577/2012/41";"GFT31";"41005";48
"41005";"1192/2";"G";1;"01";"T";"*";163;;"402/2014/41";"GFT20";"41005";180
"41005";"1192/2";"G";3;"01";"T";"*";1622;;"402/2014/41";"GFT20";"41005";180
"41005";"1194/1";"";1;"01";"T";"";189;;"346/2023/41";"GFT20";"41005";54
"41005";"1194/1";"";2;"01";"T";"";27571;6437;"346/2023/41";"GFT20";"41005";54
"41005";"1194/1";"";6;"01";"T";"";9245;;"346/2023/41";"GFT20";"41005";54
"41005";"1194/1";"";7;"02";"T";"";102;;"346/2023/41";"GFT20";"41005";54
"41005";"1194/1";"";8;"05";"T";"";1132;;"346/2023/41";"GFT20";"41005";54
"41005";"1194/2";"";2;"01";"";"";6856;1703;"346/2023/41";"GFT20";"41005";54
"41005";"1203";"";2;"01";"T";"";18526;2868;"135/2023/41";"GFT31";"41005";49
"41005";"1203";"";2;"03";"T";"";202;4;"135/2023/41";"GFT31";"41005";49
"41005";"1203";"";6;"01";"T";"";21236;;"135/2023/41";"GFT31";"41005";49
"41005";"1207/2";"";1;"01";"T";"*";125;;"10075/2012/41";"GFT20";"41005";140
"41005";"1207/2";"";3;"01";"T";"*";575;;"10075/2012/41";"GFT20";"41005";140
"41005";"1209";"";1;"01";"T";"";24;;"10577/2012/41";"GFT31";"41005";49
"41005";"1209";"";2;"01";"T";"";36883;7593;"10577/2012/41";"GFT31";"41005";49
"41005";"1209";"";6;"01";"T";"";201;;"10577/2012/41";"GFT31";"41005";49
"41005";"1209";"";8;"05";"T";"";401;;"10577/2012/41";"GFT31";"41005";49
"41005";"1211";"";2;"01";"T";"";7771;1907;"10577/2012/41";"GFT31";"41005";47
"41005";"1211";"";2;"03";"T";"";369;7;"10577/2012/41";"GFT31";"41005";47
"41005";"1213";"";2;"01";"T";"";2728;601;"10577/2012/41";"GFT31";"41005";47
"41005";"1213";"";2;"03";"T";"";157;;"10577/2012/41";"GFT31";"41005";47
"41005";"1215";"";2;"01";"T";"";18706;3618;"10577/2012/41";"GFT31";"41005";47
"41005";"1215";"";2;"03";"T";"";166;;"10577/2012/41";"GFT31";"41005";47
"41005";"1215";"";6;"01";"T";"";39557;;"10577/2012/41";"GFT31";"41005";47
"41005";"1215";"";8;"05";"T";"";172;;"10577/2012/41";"GFT31";"41005";47
"41005";"1224";"G";2;"03";"T";"*";244;5;"135/2023/41";"GFT31";"41005";177
"41005";"1224";"G";6;"01";"T";"*";20657;;"135/2023/41";"GFT31";"41005";177
"41005";"1224";"G";8;"05";"T";"*";983;;"135/2023/41";"GFT31";"41005";177
"41005";"1229";"";6;"01";"";"";28002;;"10075/2012/41";"GFT20";"41005";50
"41005";"1231";"";2;"01";"T";"";15143;2327;"10577/2012/41";"GFT31";"41005";59
"41005";"1231";"";2;"03";"T";"";621;12;"10577/2012/41";"GFT31";"41005";59
"41005";"1231";"";6;"01";"T";"";264;;"10577/2012/41";"GFT31";"41005";59
"41005";"1232";"";2;"01";"T";"";3562;774;"10577/2012/41";"GFT31";"41005";59
"41005";"1232";"";2;"03";"T";"";180;4;"10577/2012/41";"GFT31";"41005";59
"41005";"1235";"";2;"01";"T";"";142;30;"10577/2012/41";"GFT31";"41005";59
"41005";"1235";"";2;"03";"T";"";129;;"10577/2012/41";"GFT31";"41005";59
"41005";"1236";"";2;"03";"";"";755;15;"10577/2012/41";"GFT31";"41005";166
"41005";"1237";"";2;"03";"";"";129;;"10577/2012/41";"GFT31";"41005";176
"41005";"1244";"";6;"01";"";"";36806;;"402/2014/41";"GFT20";"41005";60
"41005";"1261";"";2;"03";"T";"";440;8;"10577/2012/41";"GFT31";"41005";166
"41005";"1261";"";8;"01";"T";"";171;;"10577/2012/41";"GFT31";"41005";166
"41005";"1264";"";2;"01";"T";"";3901;820;"10577/2012/41";"GFT31";"41005";59
"41005";"1264";"";2;"03";"T";"";552;11;"10577/2012/41";"GFT31";"41005";59
"41005";"1271";"";2;"01";"T";"";19649;4152;"10577/2012/41";"GFT31";"41005";55
"41005";"1271";"";6;"01";"T";"";15832;;"10577/2012/41";"GFT31";"41005";55
"41005";"1273";"";2;"01";"T";"";193;44;"10577/2012/41";"GFT31";"41005";166
"41005";"1273";"";2;"03";"T";"";208;4;"10577/2012/41";"GFT31";"41005";166
"41005";"1274";"";2;"01";"T";"";29304;5841;"310/2019/41";"GFT9";"41025";41
"41005";"1274";"";6;"01";"T";"";1105;;"310/2019/41";"GFT9";"41025";41
"41005";"1276";"";2;"01";"T";"";17444;3198;"310/2019/41";"GFT9";"41005";58
"41005";"1276";"";6;"01";"T";"";605;;"310/2019/41";"GFT9";"41005";58
"41005";"1276";"";7;"02";"T";"";82;;"310/2019/41";"GFT9";"41005";58
"41005";"1276";"";8;"05";"T";"";371;;"310/2019/41";"GFT9";"41005";58
"41005";"1278/2";"";2;"01";"T";"";30679;5752;"402/2014/41";"GFT20";"41005";130
"41005";"1278/2";"";2;"03";"T";"";1748;34;"402/2014/41";"GFT20";"41005";130
"41005";"1278/2";"";6;"01";"T";"";5692;;"402/2014/41";"GFT20";"41005";130
"41005";"1278/3";"";1;"01";"T";"*";79;;"10075/2012/41";"GFT20";"41005";153
"41005";"1278/3";"";3;"01";"T";"*";453;;"10075/2012/41";"GFT20";"41005";153
"41005";"1278/4";"";2;"01";"T";"*";2666;412;"329/2019/41";"GFT20";"41005";169
"41005";"1278/4";"";2;"03";"T";"*";334;37;"329/2019/41";"GFT20";"41005";169
"41005";"1279/2";"";2;"01";"";"";2832;696;"10577/2012/41";"GFT31";"41005";160
"41005";"1279/3";"";1;"01";"T";"";317;;"402/2014/41";"GFT20";"41005";59
"41005";"1279/3";"";2;"01";"T";"";3145;772;"402/2014/41";"GFT20";"41005";59
"41005";"1279/3";"";2;"03";"T";"";304;6;"402/2014/41";"GFT20";"41005";59
"41005";"1279/3";"";3;"01";"T";"";301;;"402/2014/41";"GFT20";"41005";59
"41005";"1279/3";"";8;"01";"T";"";123;;"402/2014/41";"GFT20";"41005";59
"41005";"1279/3";"";8;"05";"T";"";396;;"402/2014/41";"GFT20";"41005";59
"41005";"1279/4";"";1;"01";"T";"*";146;;"1219/2020/41";"GFT34";"41005";160
"41005";"1279/4";"";3;"01";"T";"*";729;;"1219/2020/41";"GFT34";"41005";160
"41005";"1280/5";"";2;"01";"T";"";204;52;"10577/2012/41";"GFT31";"41022";30
"41005";"1280/5";"";2;"03";"T";"";124;;"10577/2012/41";"GFT31";"41022";30
"41005";"1280/6";"";2;"01";"";"";216;46;"10577/2012/41";"GFT31";"41005";169
"41005";"1281/1";"";2;"01";"T";"";195;26;"10577/2012/41";"GFT31";"41005";134
"41005";"1281/1";"";2;"03";"T";"";533;21;"10577/2012/41";"GFT31";"41005";134
"41005";"1281/2";"";1;"01";"T";"";11;;"402/2014/41";"GFT20";"41005";134
"41005";"1281/2";"";3;"01";"T";"";790;;"402/2014/41";"GFT20";"41005";134
"41005";"1293";"";2;"01";"T";"";8432;1159;"135/2023/41";"GFT31";"41005";58
"41005";"1293";"";2;"03";"T";"";565;11;"135/2023/41";"GFT31";"41005";58
"41005";"1293";"";6;"01";"T";"";8194;;"135/2023/41";"GFT31";"41005";58
"41005";"1293";"";7;"02";"T";"";315;;"135/2023/41";"GFT31";"41005";58
"41005";"1294/2";"";3;"01";"";"";2140;;"346/2023/41";"GFT20";"41005";149
"41005";"1296";"";8;"01";"";"*";1330;;"10075/2012/41";"GFT20";"41005";57
"41005";"1297";"";2;"01";"T";"";14119;2275;"135/2023/41";"GFT31";"41005";170
"41005";"1297";"";2;"03";"T";"";598;13;"135/2023/41";"GFT31";"41005";170
"41005";"1300/1";"";2;"01";"T";"";6308;820;"135/2023/41";"GFT31";"41005";171
"41005";"1300/1";"";6;"01";"T";"";8212;;"135/2023/41";"GFT31";"41005";171
"41005";"1301";"";6;"01";"T";"";664;;"329/2019/41";"GFT20";"41005";57
"41005";"1301";"";6;"03";"T";"";55;;"329/2019/41";"GFT20";"41005";57
"41005";"1302";"";2;"02";"T";"";9491;1234;"402/2014/41";"GFT20";"41005";57
"41005";"1302";"";6;"01";"T";"";1263;;"402/2014/41";"GFT20";"41005";57
"41005";"1303";"";1;"01";"T";"";10;;"135/2023/41";"GFT31";"41005";121
"41005";"1303";"";2;"01";"T";"";22620;3581;"135/2023/41";"GFT31";"41005";121
"41005";"1303";"";2;"03";"T";"";610;12;"135/2023/41";"GFT31";"41005";121
"41005";"1303";"";6;"01";"T";"";2149;;"135/2023/41";"GFT31";"41005";121
"41005";"1303";"";7;"02";"T";"";216;;"135/2023/41";"GFT31";"41005";121
"41005";"1304";"";2;"01";"T";"";355;35;"402/2014/41";"GFT20";"41005";54
"41005";"1304";"";6;"01";"T";"";11998;;"402/2014/41";"GFT20";"41005";54
"41005";"1304";"";7;"02";"T";"";113;;"402/2014/41";"GFT20";"41005";54
"41005";"1305/1";"";1;"01";"T";"";217;;"346/2023/41";"GFT20";"41005";121
"41005";"1305/1";"";2;"01";"T";"";897;120;"346/2023/41";"GFT20";"41005";121
"41005";"1305/1";"";6;"01";"T";"";1289;;"346/2023/41";"GFT20";"41005";121
"41005";"1306";"";2;"01";"";"";3259;423;"10577/2012/41";"GFT31";"41005";49
"41005";"1307/1";"";2;"03";"";"";111;;"10577/2012/41";"GFT31";"41005";57
"41005";"1309/1";"";6;"01";"";"";9878;;"10075/2012/41";"GFT20";"41005";57
"41005";"1311";"";1;"01";"T";"";14;;"329/2019/41";"GFT20";"41005";57
"41005";"1311";"";6;"01";"T";"";31923;;"329/2019/41";"GFT20";"41005";57
"41005";"1311";"";6;"03";"T";"";1457;;"329/2019/41";"GFT20";"41005";57
"41005";"1311";"";8;"06";"T";"";241;;"329/2019/41";"GFT20";"41005";57
"41005";"1317";"";6;"01";"";"";1727;;"10075/2012/41";"GFT20";"41005";57
"41005";"1318";"";1;"01";"T";"";273;;"329/2019/41";"GFT20";"41005";57
"41005";"1318";"";6;"01";"T";"";9148;;"329/2019/41";"GFT20";"41005";57
"41005";"1318";"";6;"03";"T";"";1563;;"329/2019/41";"GFT20";"41005";57
"41005";"1320";"";6;"01";"";"";1942;;"10075/2012/41";"GFT20";"41005";57
"41005";"1321";"";6;"01";"T";"";349;;"329/2019/41";"GFT20";"41005";57
"41005";"1321";"";6;"03";"T";"";47;;"329/2019/41";"GFT20";"41005";57
"41005";"1322/1";"";6;"01";"T";"";4907;;"329/2019/41";"GFT20";"41005";57
"41005";"1322/1";"";6;"03";"T";"";87;;"329/2019/41";"GFT20";"41005";57
"41005";"1322/2";"";6;"01";"T";"";6072;;"329/2019/41";"GFT20";"41005";166
"41005";"1322/2";"";6;"03";"T";"";24;;"329/2019/41";"GFT20";"41005";166
"41005";"1323";"";6;"01";"";"";1888;;"10075/2012/41";"GFT20";"41005";57
"41005";"1324";"";6;"01";"T";"";852;;"329/2019/41";"GFT20";"41005";57
"41005";"1324";"";6;"03";"T";"";32;;"329/2019/41";"GFT20";"41005";57
"41005";"1325/1";"";6;"01";"T";"";3466;;"329/2019/41";"GFT20";"41005";57
"41005";"1325/1";"";6;"03";"T";"";212;;"329/2019/41";"GFT20";"41005";57
"41005";"1325/2";"";6;"01";"";"";2292;;"10075/2012/41";"GFT20";"41005";57
"41005";"1326";"";6;"01";"";"";575;;"10075/2012/41";"GFT20";"41005";57
"41005";"1327";"";6;"01";"";"";2464;;"10075/2012/41";"GFT20";"41005";57
"41005";"1328";"";6;"01";"";"";7305;;"933/2016/41";"GFT9";"41005";57
"41005";"1329";"";2;"03";"";"";8448;507;"10577/2012/41";"GFT31";"41005";166
"41005";"1334";"";2;"01";"T";"";11222;2041;"135/2023/41";"GFT31";"41005";56
"41005";"1334";"";2;"03";"T";"";1460;40;"135/2023/41";"GFT31";"41005";56
"41005";"1334";"";7;"02";"T";"";158;;"135/2023/41";"GFT31";"41005";56
"41005";"1334";"";8;"01";"T";"";98;;"135/2023/41";"GFT31";"41005";56
"41005";"1343";"";2;"01";"T";"";12426;2293;"329/2019/41";"GFT20";"41005";55
"41005";"1343";"";2;"03";"T";"";868;18;"329/2019/41";"GFT20";"41005";55
"41005";"1343";"";6;"01";"T";"";17336;;"329/2019/41";"GFT20";"41005";55
"41005";"1345/3";"";1;"01";"T";"";42;;"10075/2012/41";"GFT20";"41005";152
"41005";"1345/3";"";3;"01";"T";"";1063;;"10075/2012/41";"GFT20";"41005";152
"41005";"1347";"";1;"01";"T";"";20;;"135/2023/41";"GFT31";"41005";80
"41005";"1347";"";2;"01";"T";"";2944;335;"135/2023/41";"GFT31";"41005";80
"41005";"1347";"";2;"03";"T";"";388;7;"135/2023/41";"GFT31";"41005";80
"41005";"1347";"";6;"01";"T";"";44564;;"135/2023/41";"GFT31";"41005";80
"41005";"1347";"";8;"01";"T";"";674;;"135/2023/41";"GFT31";"41005";80
"41005";"1349";"";2;"01";"T";"";13845;1661;"310/2019/41";"GFT9";"41005";138
"41005";"1349";"";2;"03";"T";"";6138;368;"310/2019/41";"GFT9";"41005";138
"41005";"1349";"";6;"01";"T";"";8530;;"310/2019/41";"GFT9";"41005";138
"41005";"1349";"";7;"02";"T";"";578;;"310/2019/41";"GFT9";"41005";138
"41005";"1355/1";"";2;"01";"";"*";15165;2434;"10577/2012/41";"GFT31";"41005";182
"41005";"1355/2";"";2;"01";"T";"";248;37;"10577/2012/41";"GFT31";"41005";80
"41005";"1355/2";"";2;"03";"T";"";812;16;"10577/2012/41";"GFT31";"41005";80
"41005";"1355/2";"";6;"01";"T";"";2838;;"10577/2012/41";"GFT31";"41005";80
"41005";"1355/2";"";8;"01";"T";"";1172;;"10577/2012/41";"GFT31";"41005";80
"41005";"1355/3";"";2;"01";"T";"";7627;1274;"10577/2012/41";"GFT31";"41005";173
"41005";"1355/3";"";6;"01";"T";"";9933;;"10577/2012/41";"GFT31";"41005";173
"41005";"1360/1";"";2;"01";"T";"";3688;440;"10577/2012/41";"GFT31";"41005";166
"41005";"1360/1";"";2;"03";"T";"";6529;768;"10577/2012/41";"GFT31";"41005";166
"41005";"1360/1";"";6;"01";"T";"";4647;;"10577/2012/41";"GFT31";"41005";166
"41005";"1360/1";"";7;"01";"T";"";76;;"10577/2012/41";"GFT31";"41005";166
"41005";"1361";"";6;"01";"";"*";1482;;"10075/2012/41";"GFT20";"41005";166
"41005";"1362/1";"";2;"01";"T";"";12154;730;"10577/2012/41";"GFT31";"41005";145
"41005";"1362/1";"";2;"03";"T";"";2586;155;"10577/2012/41";"GFT31";"41005";145
"41005";"1362/1";"";6;"01";"T";"";3710;;"10577/2012/41";"GFT31";"41005";145
"41005";"1363";"";2;"01";"";"";1744;209;"10577/2012/41";"GFT31";"41005";65
"41005";"1366";"";1;"01";"T";"";15;;"402/2014/41";"GFT20";"41005";65
"41005";"1366";"";2;"01";"T";"";17048;3012;"402/2014/41";"GFT20";"41005";65
"41005";"1366";"";6;"01";"T";"";315;;"402/2014/41";"GFT20";"41005";65
"41005";"1368";"";1;"01";"T";"";10;;"402/2014/41";"GFT20";"41005";63
"41005";"1368";"";2;"01";"T";"";29049;4667;"402/2014/41";"GFT20";"41005";63
"41005";"1368";"";6;"01";"T";"";8353;;"402/2014/41";"GFT20";"41005";63
"41005";"1368";"";7;"02";"T";"";47;;"402/2014/41";"GFT20";"41005";63
"41005";"1368";"";8;"01";"T";"";637;;"402/2014/41";"GFT20";"41005";63
"41005";"1368";"";8;"05";"T";"";417;;"402/2014/41";"GFT20";"41005";63
"41005";"1373";"";2;"01";"";"";1368;110;"10577/2012/41";"GFT31";"41005";63
"41005";"1381/1";"";2;"01";"T";"";21365;4169;"135/2023/41";"GFT31";"41005";166
"41005";"1381/1";"";2;"03";"T";"";1693;114;"135/2023/41";"GFT31";"41005";166
"41005";"1381/1";"";6;"01";"T";"";28670;;"135/2023/41";"GFT31";"41005";166
"41005";"1381/1";"";6;"03";"T";"";454;;"135/2023/41";"GFT31";"41005";166
"41005";"1381/1";"";8;"01";"T";"";132;;"135/2023/41";"GFT31";"41005";166
"41005";"1381/2";"G";1;"01";"T";"*";97;;"402/2014/41";"GFT20";"41005";179
"41005";"1381/2";"G";3;"01";"T";"*";1095;;"402/2014/41";"GFT20";"41005";179
"41005";"1383/3";"";1;"01";"T";"";25;;"135/2023/41";"GFT31";"41005";161
"41005";"1383/3";"";2;"01";"T";"";544;103;"135/2023/41";"GFT31";"41005";161
"41005";"1383/3";"";3;"01";"T";"";1576;;"135/2023/41";"GFT31";"41005";161
"41005";"1383/3";"";8;"05";"T";"";433;;"135/2023/41";"GFT31";"41005";161
"41005";"1389";"";3;"01";"";"";375;;"10075/2012/41";"GFT20";"41005";158
"41005";"1390/1";"";2;"01";"T";"";7921;782;"329/2019/41";"GFT20";"41005";166
"41005";"1390/1";"";2;"03";"T";"";20181;1211;"329/2019/41";"GFT20";"41005";166
"41005";"1399";"";2;"01";"T";"";11661;1516;"329/2019/41";"GFT20";"41005";166
"41005";"1399";"";2;"03";"T";"";156;;"329/2019/41";"GFT20";"41005";166
"41005";"1399";"";6;"01";"T";"";179922;;"329/2019/41";"GFT20";"41005";166
"41005";"1399";"";6;"03";"T";"";3785;;"329/2019/41";"GFT20";"41005";166
"41005";"1402/2";"";2;"01";"T";"";9681;872;"10577/2012/41";"GFT31";"41005";166
"41005";"1402/2";"";2;"03";"T";"";864;52;"10577/2012/41";"GFT31";"41005";166
"41005";"1402/2";"";6;"01";"T";"";6439;;"10577/2012/41";"GFT31";"41005";166
"41005";"1403/1";"";2;"01";"T";"";14578;1814;"329/2019/41";"GFT20";"41005";166
"41005";"1403/1";"";2;"03";"T";"";5227;314;"329/2019/41";"GFT20";"41005";166
"41005";"1403/1";"";6;"01";"T";"";3207;;"329/2019/41";"GFT20";"41005";166
"41005";"1405/1";"";2;"01";"T";"";17771;3010;"329/2019/41";"GFT20";"41005";62
"41005";"1405/1";"";2;"03";"T";"";269;40;"329/2019/41";"GFT20";"41005";62
"41005";"1405/1";"";6;"01";"T";"";11921;;"329/2019/41";"GFT20";"41005";62
"41005";"1405/1";"";7;"02";"T";"";113;;"329/2019/41";"GFT20";"41005";62
"41005";"1405/2";"G";3;"01";"";"*";349;;"10075/2012/41";"GFT20";"41005";147
"41005";"1406/3";"";1;"01";"T";"*";424;;"341/2018/41";"GFT34";"41005";147
"41005";"1406/3";"";3;"01";"T";"*";992;;"341/2018/41";"GFT34";"41005";147
"41005";"1407";"";2;"01";"T";"";3552;426;"10577/2012/41";"GFT31";"41005";62
"41005";"1407";"";2;"03";"T";"";382;23;"10577/2012/41";"GFT31";"41005";62
"41005";"1408";"";2;"01";"T";"";13609;2481;"10577/2012/41";"GFT31";"41005";62
"41005";"1408";"";7;"01";"T";"";77;;"10577/2012/41";"GFT31";"41005";62
"41005";"1411";"";2;"01";"T";"";2437;293;"10577/2012/41";"GFT31";"41005";62
"41005";"1411";"";6;"01";"T";"";99;;"10577/2012/41";"GFT31";"41005";62
"41005";"1411";"";8;"01";"T";"";100;;"10577/2012/41";"GFT31";"41005";62
"41005";"1415";"";1;"01";"T";"";343;;"10577/2012/41";"GFT31";"41005";62
"41005";"1415";"";2;"01";"T";"";24437;4231;"10577/2012/41";"GFT31";"41005";62
"41005";"1415";"";2;"03";"T";"";205;8;"10577/2012/41";"GFT31";"41005";62
"41005";"1415";"";6;"01";"T";"";3806;;"10577/2012/41";"GFT31";"41005";62
"41005";"1415";"";8;"05";"T";"";798;;"10577/2012/41";"GFT31";"41005";62
"41005";"1416";"";1;"01";"T";"*";188;;"10075/2012/41";"GFT20";"41005";162
"41005";"1416";"";3;"01";"T";"*";890;;"10075/2012/41";"GFT20";"41005";162
"41005";"1423";"";2;"01";"T";"";1000;169;"286/2020/41";"GFT1";"41005";166
"41005";"1423";"";2;"03";"T";"";3542;142;"286/2020/41";"GFT1";"41005";166
"41005";"1423";"";8;"05";"T";"";821;;"286/2020/41";"GFT1";"41005";166
"41005";"1425/3";"";2;"01";"";"";214;26;"10577/2012/41";"GFT31";"41005";166
"41005";"1434";"";2;"01";"T";"";18838;1539;"402/2014/41";"GFT20";"41005";166
"41005";"1434";"";2;"03";"T";"";10273;411;"402/2014/41";"GFT20";"41005";166
"41005";"1434";"";7;"01";"T";"";20;;"402/2014/41";"GFT20";"41005";166
"41005";"1438";"";2;"01";"";"";12883;1357;"10577/2012/41";"GFT31";"41005";74
"41005";"1439/2";"";2;"01";"T";"";8927;1724;"10577/2012/41";"GFT31";"41005";74
"41005";"1439/2";"";2;"03";"T";"";82;;"10577/2012/41";"GFT31";"41005";74
"41005";"1442";"";2;"01";"T";"";19198;3256;"286/2020/41";"GFT1";"41005";166
"41005";"1442";"";2;"03";"T";"";4633;246;"286/2020/41";"GFT1";"41005";166
"41005";"1442";"";6;"01";"T";"";3188;;"286/2020/41";"GFT1";"41005";166
"41005";"1442";"";8;"01";"T";"";2145;;"286/2020/41";"GFT1";"41005";166
"41005";"1455/2";"";1;"01";"T";"*";10;;"10075/2012/41";"GFT20";"41005";141
"41005";"1455/2";"";8;"05";"T";"*";32;;"10075/2012/41";"GFT20";"41005";141
"41005";"1458";"";1;"01";"T";"";215;;"402/2014/41";"GFT20";"41005";76
"41005";"1458";"";2;"01";"T";"";30119;5122;"402/2014/41";"GFT20";"41005";76
"41005";"1458";"";2;"03";"T";"";289;6;"402/2014/41";"GFT20";"41005";76
"41005";"1458";"";6;"01";"T";"";276;;"402/2014/41";"GFT20";"41005";76
"41005";"1458";"";8;"05";"T";"";695;;"402/2014/41";"GFT20";"41005";76
"41005";"1460";"";2;"03";"T";"";6954;278;"10577/2012/41";"GFT31";"41005";80
"41005";"1460";"";6;"01";"T";"";2460;;"10577/2012/41";"GFT31";"41005";80
"41005";"1461";"";6;"01";"";"";18181;;"402/2014/41";"GFT20";"41005";80
"41005";"1464";"";1;"01";"T";"";196;;"329/2019/41";"GFT20";"41005";80
"41005";"1464";"";2;"01";"T";"";551;83;"329/2019/41";"GFT20";"41005";80
"41005";"1464";"";2;"02";"T";"";2357;354;"329/2019/41";"GFT20";"41005";80
"41005";"1464";"";6;"01";"T";"";6147;;"329/2019/41";"GFT20";"41005";80
"41005";"1464";"";8;"05";"T";"";226;;"329/2019/41";"GFT20";"41005";80
"41005";"1472";"";1;"01";"T";"";207;;"1205/2022/41";"GFT1";"41005";74
"41005";"1472";"";2;"01";"T";"";16804;2797;"1205/2022/41";"GFT1";"41005";74
"41005";"1472";"";8;"05";"T";"";1073;;"1205/2022/41";"GFT1";"41005";74
"41005";"1476";"";2;"01";"";"";1262;101;"10577/2012/41";"GFT31";"41005";74
"41005";"1481";"";2;"01";"T";"";304;46;"1205/2022/41";"GFT1";"41005";80
"41005";"1481";"";2;"03";"T";"";831;33;"1205/2022/41";"GFT1";"41005";80
"41005";"1481";"";6;"01";"T";"";8343;;"1205/2022/41";"GFT1";"41005";80
"41005";"1481";"";7;"02";"T";"";152;;"1205/2022/41";"GFT1";"41005";80
"41005";"1484";"";2;"03";"T";"";1684;68;"10577/2012/41";"GFT31";"41005";80
"41005";"1484";"";6;"01";"T";"";1793;;"10577/2012/41";"GFT31";"41005";80
"41005";"1484";"";7;"02";"T";"";12;;"10577/2012/41";"GFT31";"41005";80
"41005";"1485";"";2;"01";"T";"";276;20;"10577/2012/41";"GFT31";"41005";80
"41005";"1485";"";2;"03";"T";"";1651;66;"10577/2012/41";"GFT31";"41005";80
"41005";"1488/4";"";2;"01";"";"";3479;484;"286/2020/41";"GFT1";"41005";183
"41005";"1489/2";"";1;"01";"T";"";186;;"402/2014/41";"GFT20";"41005";136
"41005";"1489/2";"";3;"01";"T";"";1297;;"402/2014/41";"GFT20";"41005";136
"41005";"1489/2";"";6;"01";"T";"";1259;;"402/2014/41";"GFT20";"41005";136
"41005";"1491/2";"";1;"01";"T";"*";277;;"10577/2012/41";"GFT31";"41005";77
"41005";"1491/2";"";2;"01";"T";"*";2232;447;"10577/2012/41";"GFT31";"41005";77
"41005";"1491/2";"";8;"05";"T";"*";175;;"10577/2012/41";"GFT31";"41005";77
"41005";"1491/5";"";2;"01";"";"*";229;34;"10577/2012/41";"GFT31";"41005";75
"41005";"1491/6";"G";8;"01";"";"*";263;;"10075/2012/41";"GFT20";"41005";167
"41005";"1495";"";1;"01";"T";"";88;;"346/2023/41";"GFT20";"41005";78
"41005";"1495";"";2;"01";"T";"";5977;806;"346/2023/41";"GFT20";"41005";78
"41005";"1495";"";6;"01";"T";"";17178;;"346/2023/41";"GFT20";"41005";78
"41005";"1495";"";8;"05";"T";"";56;;"346/2023/41";"GFT20";"41005";78
"41005";"1502";"";1;"01";"T";"";101;;"329/2019/41";"GFT20";"41005";76
"41005";"1502";"";2;"01";"T";"";2695;360;"329/2019/41";"GFT20";"41005";76
"41005";"1502";"";6;"01";"T";"";1091;;"329/2019/41";"GFT20";"41005";76
"41005";"1502";"";8;"05";"T";"";638;;"329/2019/41";"GFT20";"41005";76
"41005";"1509";"";2;"01";"T";"";10384;1759;"10577/2012/41";"GFT31";"41005";75
"41005";"1509";"";6;"01";"T";"";35324;;"10577/2012/41";"GFT31";"41005";75
"41005";"1516";"";1;"01";"T";"";27;;"329/2019/41";"GFT20";"41025";41
"41005";"1516";"";2;"01";"T";"";32894;6627;"329/2019/41";"GFT20";"41025";41
"41005";"1516";"";6;"01";"T";"";58477;;"329/2019/41";"GFT20";"41025";41
"41005";"1516";"";6;"03";"T";"";139;;"329/2019/41";"GFT20";"41025";41
"41005";"1542";"";2;"01";"T";"";4690;625;"135/2023/41";"GFT31";"41005";70
"41005";"1542";"";6;"01";"T";"";59149;;"135/2023/41";"GFT31";"41005";70
"41005";"1542";"";6;"03";"T";"";1384;;"135/2023/41";"GFT31";"41005";70
"41005";"1546/3";"";2;"01";"T";"";942;138;"329/2019/41";"GFT20";"41005";75
"41005";"1546/3";"";2;"03";"T";"";877;18;"329/2019/41";"GFT20";"41005";75
"41005";"1546/3";"";6;"01";"T";"";11283;;"329/2019/41";"GFT20";"41005";75
"41005";"1546/3";"";6;"03";"T";"";121;;"329/2019/41";"GFT20";"41005";75
"41005";"1547/2";"";6;"01";"";"";30;;"10075/2012/41";"GFT20";"41005";73
"41005";"1549";"";2;"01";"T";"";5097;797;"10577/2012/41";"GFT31";"41005";73
"41005";"1549";"";2;"03";"T";"";198;4;"10577/2012/41";"GFT31";"41005";73
"41005";"1549";"";6;"01";"T";"";2761;;"10577/2012/41";"GFT31";"41005";73
"41005";"1552";"";1;"01";"T";"";73;;"135/2023/41";"GFT31";"41005";73
"41005";"1552";"";2;"01";"T";"";3474;522;"135/2023/41";"GFT31";"41005";73
"41005";"1552";"";6;"01";"T";"";295;;"135/2023/41";"GFT31";"41005";73
"41005";"1552";"";8;"05";"T";"";381;;"135/2023/41";"GFT31";"41005";73
"41005";"1553";"";2;"01";"";"";621;69;"10577/2012/41";"GFT31";"41005";73
"41005";"1555/1";"G";2;"01";"";"*";1160;128;"10577/2012/41";"GFT31";"41005";73
"41005";"1555/2";"G";8;"01";"";"*";1141;;"10075/2012/41";"GFT20";"41005";167
"41005";"1555/3";"G";2;"01";"";"*";172;19;"10577/2012/41";"GFT31";"41005";73
"41005";"1559";"";2;"01";"T";"";10315;2164;"10577/2012/41";"GFT31";"41005";75
"41005";"1559";"";2;"03";"T";"";340;7;"10577/2012/41";"GFT31";"41005";75
"41005";"1560/1";"";1;"01";"T";"";291;;"329/2019/41";"GFT20";"41005";75
"41005";"1560/1";"";2;"01";"T";"";15273;3042;"329/2019/41";"GFT20";"41005";75
"41005";"1560/1";"";2;"03";"T";"";46;;"329/2019/41";"GFT20";"41005";75
"41005";"1560/1";"";3;"01";"T";"";141;;"329/2019/41";"GFT20";"41005";75
"41005";"1560/1";"";6;"01";"T";"";3551;;"329/2019/41";"GFT20";"41005";75
"41005";"1560/1";"";8;"01";"T";"";184;;"329/2019/41";"GFT20";"41005";75
"41005";"1560/1";"";8;"05";"T";"";552;;"329/2019/41";"GFT20";"41005";75
"41005";"1564/1";"";6;"01";"";"";2777;;"10075/2012/41";"GFT20";"41005";166
"41005";"1568";"";2;"01";"T";"";971;175;"10577/2012/41";"GFT31";"41005";82
"41005";"1568";"";6;"01";"T";"";5801;;"10577/2012/41";"GFT31";"41005";82
"41005";"1572";"";2;"01";"";"";16325;3484;"10577/2012/41";"GFT31";"41005";75
"41005";"1576/1";"";1;"01";"T";"";159;;"402/2014/41";"GFT20";"41005";71
"41005";"1576/1";"";2;"01";"T";"";23541;4263;"402/2014/41";"GFT20";"41005";71
"41005";"1576/1";"";2;"03";"T";"";100;7;"402/2014/41";"GFT20";"41005";71
"41005";"1576/1";"";8;"05";"T";"";530;;"402/2014/41";"GFT20";"41005";71
"41005";"1576/2";"G";8;"01";"";"*";310;;"10075/2012/41";"GFT20";"41005";167
"41005";"1578";"";3;"01";"";"";1040;;"10075/2012/41";"GFT20";"41005";103
"41005";"1580/1";"";1;"01";"T";"*";160;;"10075/2012/41";"GFT20";"41005";155
"41005";"1580/1";"";3;"01";"T";"*";1183;;"10075/2012/41";"GFT20";"41005";155
"41005";"1580/1";"";6;"01";"T";"*";345;;"10075/2012/41";"GFT20";"41005";155
"41005";"1580/2";"";1;"01";"T";"*";138;;"10075/2012/41";"GFT20";"41005";154
"41005";"1580/2";"";3;"01";"T";"*";1023;;"10075/2012/41";"GFT20";"41005";154
"41005";"1580/2";"";6;"01";"T";"*";305;;"10075/2012/41";"GFT20";"41005";154
"41005";"1582";"";2;"01";"T";"";4167;591;"10577/2012/41";"GFT31";"41005";71
"41005";"1582";"";6;"01";"T";"";596;;"10577/2012/41";"GFT31";"41005";71
"41005";"1586";"";1;"01";"T";"";109;;"402/2014/41";"GFT20";"41005";76
"41005";"1586";"";2;"01";"T";"";13722;2440;"402/2014/41";"GFT20";"41005";76
"41005";"1586";"";2;"03";"T";"";375;15;"402/2014/41";"GFT20";"41005";76
"41005";"1586";"";6;"01";"T";"";1300;;"402/2014/41";"GFT20";"41005";76
"41005";"1589";"";1;"01";"T";"";69;;"329/2019/41";"GFT20";"41005";151
"41005";"1589";"";6;"01";"T";"";16565;;"329/2019/41";"GFT20";"41005";151
"41005";"1589";"";6;"03";"T";"";665;;"329/2019/41";"GFT20";"41005";151
"41005";"1592";"";6;"01";"T";"";1435;;"329/2019/41";"GFT20";"41005";143
"41005";"1592";"";6;"03";"T";"";216;;"329/2019/41";"GFT20";"41005";143
"41005";"1595";"";6;"01";"";"";11454;;"10075/2012/41";"GFT20";"41005";76
"41005";"1597";"";1;"01";"T";"";154;;"329/2019/41";"GFT20";"41005";148
"41005";"1597";"";2;"01";"T";"";8607;1897;"329/2019/41";"GFT20";"41005";148
"41005";"1597";"";2;"03";"T";"";241;5;"329/2019/41";"GFT20";"41005";148
"41005";"1597";"";6;"01";"T";"";4071;;"329/2019/41";"GFT20";"41005";148
"41005";"1597";"";8;"05";"T";"";243;;"329/2019/41";"GFT20";"41005";148
"41005";"1603/1";"";6;"01";"";"";11434;;"10075/2012/41";"GFT20";"41005";143
"41005";"1605";"";2;"01";"T";"";5402;1176;"10075/2012/41";"GFT20";"41005";76
"41005";"1605";"";6;"01";"T";"";4247;;"10075/2012/41";"GFT20";"41005";76
"41005";"1608";"";3;"01";"";"";686;;"10075/2012/41";"GFT20";"41005";68
"41005";"1611/1";"";2;"01";"T";"";6678;1548;"329/2019/41";"GFT20";"41005";69
"41005";"1611/1";"";8;"05";"T";"";334;;"329/2019/41";"GFT20";"41005";69
"41005";"1611/2";"G";1;"01";"T";"*";307;;"329/2019/41";"GFT20";"41005";69
"41005";"1611/2";"G";2;"01";"T";"*";543;142;"329/2019/41";"GFT20";"41005";69
"41005";"1611/2";"G";8;"05";"T";"*";150;;"329/2019/41";"GFT20";"41005";69
"41005";"1612/2";"G";2;"01";"";"*";367;81;"10577/2012/41";"GFT31";"41005";68
"41005";"1616";"";1;"01";"T";"";40;;"329/2019/41";"GFT20";"41005";68
"41005";"1616";"";2;"01";"T";"";7830;1782;"329/2019/41";"GFT20";"41005";68
"41005";"1616";"";2;"03";"T";"";42;9;"329/2019/41";"GFT20";"41005";68
"41005";"1616";"";6;"01";"T";"";6346;;"329/2019/41";"GFT20";"41005";68
"41005";"1616";"";8;"01";"T";"";117;;"329/2019/41";"GFT20";"41005";68
"41005";"1617";"";2;"01";"T";"";26742;5633;"402/2014/41";"GFT20";"41005";75
"41005";"1617";"";2;"03";"T";"";411;40;"402/2014/41";"GFT20";"41005";75
"41005";"1617";"";6;"01";"T";"";37626;;"402/2014/41";"GFT20";"41005";75
"41005";"1618";"";2;"01";"T";"";989;198;"10577/2012/41";"GFT31";"41005";75
"41005";"1618";"";6;"01";"T";"";287;;"10577/2012/41";"GFT31";"41005";75
"41005";"1618";"";8;"01";"T";"";115;;"10577/2012/41";"GFT31";"41005";75
"41005";"1621";"";6;"01";"";"";209;;"10075/2012/41";"GFT20";"41005";75
"41005";"1623";"";2;"01";"T";"";5113;1114;"329/2019/41";"GFT20";"41005";184
"41005";"1623";"";6;"01";"T";"";1098;;"329/2019/41";"GFT20";"41005";184
"41005";"1623";"";8;"05";"T";"";291;;"329/2019/41";"GFT20";"41005";184
"41005";"1626";"";1;"01";"T";"";64;;"135/2023/41";"GFT31";"41005";76
"41005";"1626";"";2;"01";"T";"";25200;4823;"135/2023/41";"GFT31";"41005";76
"41005";"1626";"";6;"01";"T";"";13261;;"135/2023/41";"GFT31";"41005";76
"41005";"1627";"";2;"01";"";"";111;8;"10577/2012/41";"GFT31";"41005";76
"41005";"1628";"";2;"01";"";"";90;6;"10577/2012/41";"GFT31";"41005";76
"41005";"1629";"";2;"01";"T";"";533;37;"10577/2012/41";"GFT31";"41005";76
"41005";"1629";"";2;"03";"T";"";251;10;"10577/2012/41";"GFT31";"41005";76
"41005";"1642";"";2;"01";"";"";887;195;"10577/2012/41";"GFT31";"41005";82
"41005";"1643";"";1;"01";"T";"";62;;"10577/2012/41";"GFT31";"41005";82
"41005";"1643";"";2;"01";"T";"";4172;918;"10577/2012/41";"GFT31";"41005";82
"41005";"1643";"";8;"01";"T";"";80;;"10577/2012/41";"GFT31";"41005";82
"41005";"1644";"";6;"01";"";"";6145;;"10075/2012/41";"GFT20";"41005";166
"41005";"1645";"";2;"03";"T";"";420;17;"10577/2012/41";"GFT31";"41005";166
"41005";"1645";"";6;"01";"T";"";461;;"10577/2012/41";"GFT31";"41005";166
"41005";"1646";"";2;"03";"";"";882;36;"10577/2012/41";"GFT31";"41005";166
"41005";"1651";"";6;"01";"";"";65;;"10075/2012/41";"GFT20";"41005";166
"41005";"1653";"";6;"01";"";"";4781;;"10075/2012/41";"GFT20";"41005";166
"41005";"1654";"";8;"01";"";"";737;;"10075/2012/41";"GFT20";"41005";166
"41005";"1655/1";"";1;"01";"T";"";33;;"286/2020/41";"GFT1";"41005";166
"41005";"1655/1";"";2;"01";"T";"";1981;99;"286/2020/41";"GFT1";"41005";166
"41005";"1655/1";"";2;"03";"T";"";2781;111;"286/2020/41";"GFT1";"41005";166
"41005";"1655/1";"";6;"01";"T";"";1277397;;"286/2020/41";"GFT1";"41005";166
"41005";"1655/1";"";6;"03";"T";"";15167;;"286/2020/41";"GFT1";"41005";166
"41005";"1655/1";"";7;"02";"T";"";159;;"286/2020/41";"GFT1";"41005";166
"41005";"1655/1";"";8;"01";"T";"";9;;"286/2020/41";"GFT1";"41005";166
"41005";"1655/1";"";8;"06";"T";"";3560;;"286/2020/41";"GFT1";"41005";166
"41005";"1661/1";"";1;"01";"T";"";38;;"135/2023/41";"GFT31";"41005";166
"41005";"1661/1";"";2;"01";"T";"";7602;985;"135/2023/41";"GFT31";"41005";166
"41005";"1661/1";"";6;"01";"T";"";1783235;;"135/2023/41";"GFT31";"41005";166
"41005";"1661/1";"";6;"03";"T";"";27832;;"135/2023/41";"GFT31";"41005";166
"41005";"1661/1";"";7;"02";"T";"";219;;"135/2023/41";"GFT31";"41005";166
"41005";"1664/1";"";2;"01";"T";"";14448;1862;"329/2019/41";"GFT20";"41005";166
"41005";"1664/1";"";2;"03";"T";"";3873;503;"329/2019/41";"GFT20";"41005";166
"41005";"1664/1";"";6;"01";"T";"";2054695;;"329/2019/41";"GFT20";"41005";166
"41005";"1664/1";"";6;"03";"T";"";37057;;"329/2019/41";"GFT20";"41005";166
"41005";"1664/1";"";8;"01";"T";"";163;;"329/2019/41";"GFT20";"41005";166
"41005";"1669/1";"";2;"01";"T";"";11598;1508;"135/2023/41";"GFT31";"41005";166
"41005";"1669/1";"";2;"03";"T";"";3061;339;"135/2023/41";"GFT31";"41005";166
"41005";"1669/1";"";6;"01";"T";"";1229496;;"135/2023/41";"GFT31";"41005";166
"41005";"1669/1";"";6;"03";"T";"";26610;;"135/2023/41";"GFT31";"41005";166
"41005";"1670/1";"";6;"01";"T";"";54765;;"329/2019/41";"GFT20";"41005";166
"41005";"1670/1";"";6;"03";"T";"";303;;"329/2019/41";"GFT20";"41005";166
"41005";"1670/2";"";6;"01";"";"";3367;;"10075/2012/41";"GFT20";"41005";166
"41005";"1671/1";"";6;"01";"";"";11233;;"10075/2012/41";"GFT20";"41005";166
"41005";"1671/2";"";6;"01";"";"";2967;;"10075/2012/41";"GFT20";"41005";166
"41005";"1672/1";"";6;"01";"T";"";59621;;"329/2019/41";"GFT20";"41005";166
"41005";"1672/1";"";6;"03";"T";"";1889;;"329/2019/41";"GFT20";"41005";166
"41005";"1672/2";"";6;"01";"T";"";21986;;"329/2019/41";"GFT20";"41005";166
"41005";"1672/2";"";6;"03";"T";"";616;;"329/2019/41";"GFT20";"41005";166
"41005";"1674/1";"";2;"01";"T";"";5529;590;"10577/2012/41";"GFT31";"41005";166
"41005";"1674/1";"";2;"03";"T";"";14986;900;"10577/2012/41";"GFT31";"41005";166
"41005";"1674/1";"";6;"01";"T";"";7233;;"10577/2012/41";"GFT31";"41005";166
"41005";"1678/1";"";2;"01";"";"";6971;976;"10577/2012/41";"GFT31";"41005";166
"41005";"1678/2";"";6;"01";"";"";988;;"10075/2012/41";"GFT20";"41005";166
"41005";"1687";"";6;"01";"T";"";12268;;"329/2019/41";"GFT20";"41005";166
"41005";"1687";"";6;"03";"T";"";105;;"329/2019/41";"GFT20";"41005";166
"41005";"1692/1";"";6;"01";"T";"";191263;;"329/2019/41";"GFT20";"41005";166
"41005";"1692/1";"";6;"03";"T";"";1048;;"329/2019/41";"GFT20";"41005";166
"41005";"1704";"";8;"01";"T";"";5817;;"402/2014/41";"GFT20";"41005";167
"41005";"1704";"";8;"03";"T";"";270;;"402/2014/41";"GFT20";"41005";167
"41005";"1705";"";8;"01";"T";"";11688;;"329/2019/41";"GFT20";"41005";167
"41005";"1705";"";8;"03";"T";"";611;;"329/2019/41";"GFT20";"41005";167
"41005";"1706/1";"";8;"01";"";"";10585;;"402/2014/41";"GFT20";"41005";167
"41005";"1706/3";"G";8;"01";"";"*";1942;;"402/2014/41";"GFT20";"41005";167
"41005";"1706/4";"";8;"01";"";"*";5250;;"10075/2012/41";"GFT20";"41005";167
"41005";"1707";"";2;"01";"";"";313;19;"10577/2012/41";"GFT31";"41005";166
"41005";"1710/2";"";1;"01";"T";"";1;;"10577/2012/41";"GFT31";"41005";62
"41005";"1710/2";"";2;"01";"T";"";253;33;"10577/2012/41";"GFT31";"41005";62
"41005";"1710/2";"";8;"01";"T";"";53;;"10577/2012/41";"GFT31";"41005";62
"41005";"1714";"";1;"01";"T";"*";380;;"135/2023/41";"GFT31";"41005";159
"41005";"1714";"";2;"01";"T";"*";21945;3436;"135/2023/41";"GFT31";"41005";159
"41005";"1714";"";2;"03";"T";"*";845;38;"135/2023/41";"GFT31";"41005";159
"41005";"1714";"";7;"02";"T";"*";600;;"135/2023/41";"GFT31";"41005";159
"41005";"1714";"";8;"05";"T";"*";1214;;"135/2023/41";"GFT31";"41005";159
"41005";"1715";"";1;"01";"T";"";4;;"286/2020/41";"GFT1";"41005";166
"41005";"1715";"";2;"01";"T";"";35;;"286/2020/41";"GFT1";"41005";166
"41005";"1715";"";6;"01";"T";"";12470;;"286/2020/41";"GFT1";"41005";166
"41005";"1715";"";8;"01";"T";"";213;;"286/2020/41";"GFT1";"41005";166
"41005";"1717";"";8;"01";"";"*";1261;;"10075/2012/41";"GFT20";"41005";167
"41005";"1719/2";"";8;"01";"";"";1478;;"10075/2012/41";"GFT20";"41005";167
"41005";"1721";"";6;"01";"";"";2412;;"329/2019/41";"GFT20";"41005";166
"41005";"1724";"";8;"01";"";"";2215;;"10075/2012/41";"GFT20";"41005";166
"41005";"1725/2";"";8;"01";"";"";805;;"10075/2012/41";"GFT20";"41005";167
"41005";"1725/3";"";8;"01";"";"";1489;;"10075/2012/41";"GFT20";"41005";167
"41005";"1725/4";"";2;"01";"T";"";323;45;"10577/2012/41";"GFT31";"41005";167
"41005";"1725/4";"";6;"01";"T";"";560;;"10577/2012/41";"GFT31";"41005";167
"41005";"1725/4";"";8;"01";"T";"";3925;;"10577/2012/41";"GFT31";"41005";167
"41005";"1755";"";6;"01";"";"";620;;"10075/2012/41";"GFT20";"41005";166
"41005";"1756";"";8;"01";"";"";3303;;"10075/2012/41";"GFT20";"41005";167
"41005";"1759";"";2;"01";"T";"";353;60;"402/2014/41";"GFT20";"41005";166
"41005";"1759";"";8;"01";"T";"";3425;;"402/2014/41";"GFT20";"41005";166
"41005";"1762";"";2;"01";"T";"";1290;217;"329/2019/41";"GFT20";"41005";167
"41005";"1762";"";6;"01";"T";"";1065;;"329/2019/41";"GFT20";"41005";167
"41005";"1762";"";6;"03";"T";"";12;;"329/2019/41";"GFT20";"41005";167
"41005";"1764";"";2;"01";"T";"";365;53;"1108/2022/41";"GFT9";"41005";167
"41005";"1764";"";8;"01";"T";"";455;;"1108/2022/41";"GFT9";"41005";167
"41005";"1764";"";8;"05";"T";"";29;;"1108/2022/41";"GFT9";"41005";167
"41005";"1765";"";2;"01";"T";"";228;35;"310/2019/41";"GFT9";"41005";80
"41005";"1765";"";2;"03";"T";"";1015;23;"310/2019/41";"GFT9";"41005";80
"41005";"1765";"";6;"01";"T";"";469;;"310/2019/41";"GFT9";"41005";80
"41005";"1765";"";7;"02";"T";"";19;;"310/2019/41";"GFT9";"41005";80
"41005";"1765";"";8;"01";"T";"";287;;"310/2019/41";"GFT9";"41005";80
"41005";"1766";"";8;"01";"";"";42;;"10075/2012/41";"GFT20";"41005";167
"41005";"1767";"";8;"01";"";"";567;;"10075/2012/41";"GFT20";"41005";167
"41005";"1768";"";2;"01";"";"";414;82;"310/2019/41";"GFT9";"41005";55
"41005";"1770";"";2;"03";"T";"";923;19;"310/2019/41";"GFT9";"41005";167
"41005";"1770";"";8;"01";"T";"";7860;;"310/2019/41";"GFT9";"41005";167
"41005";"1773";"";1;"01";"T";"";596;;"135/2023/41";"GFT31";"41005";176
"41005";"1773";"";2;"01";"T";"";30400;5882;"135/2023/41";"GFT31";"41005";176
"41005";"1773";"";2;"03";"T";"";1221;24;"135/2023/41";"GFT31";"41005";176
"41005";"1773";"";6;"01";"T";"";18254;;"135/2023/41";"GFT31";"41005";176
"41005";"1773";"";8;"01";"T";"";306;;"135/2023/41";"GFT31";"41005";176
"41005";"1773";"";8;"05";"T";"";823;;"135/2023/41";"GFT31";"41005";176
"41005";"1774";"";2;"01";"";"";317;78;"10577/2012/41";"GFT31";"41005";176
"41005";"1776/1";"";1;"01";"T";"";26;;"346/2023/41";"GFT20";"41005";57
"41005";"1776/1";"";2;"01";"T";"";3033;394;"346/2023/41";"GFT20";"41005";57
"41005";"1776/1";"";2;"02";"T";"";649;84;"346/2023/41";"GFT20";"41005";57
"41005";"1776/1";"";2;"03";"T";"";1686;79;"346/2023/41";"GFT20";"41005";57
"41005";"1776/1";"";6;"01";"T";"";9479;;"346/2023/41";"GFT20";"41005";57
"41005";"1776/1";"";6;"03";"T";"";376;;"346/2023/41";"GFT20";"41005";57
"41005";"1776/1";"";7;"02";"T";"";145;;"346/2023/41";"GFT20";"41005";57
"41005";"1776/1";"";8;"01";"T";"";346;;"346/2023/41";"GFT20";"41005";57
"41005";"1778/1";"";2;"03";"";"";200;4;"10577/2012/41";"GFT31";"41005";57
"41005";"1779";"";1;"01";"T";"";15;;"329/2019/41";"GFT20";"41005";46
"41005";"1779";"";2;"01";"T";"";34;6;"329/2019/41";"GFT20";"41005";46
"41005";"1779";"";2;"03";"T";"";481;9;"329/2019/41";"GFT20";"41005";46
"41005";"1779";"";6;"01";"T";"";234;;"329/2019/41";"GFT20";"41005";46
"41005";"1779";"";8;"01";"T";"";18;;"329/2019/41";"GFT20";"41005";46
"41005";"1780/1";"";2;"01";"T";"";771;142;"10577/2012/41";"GFT31";"41005";167
"41005";"1780/1";"";2;"03";"T";"";599;12;"10577/2012/41";"GFT31";"41005";167
"41005";"1780/1";"";6;"01";"T";"";240;;"10577/2012/41";"GFT31";"41005";167
"41005";"1782";"";1;"01";"T";"";11;;"402/2014/41";"GFT20";"41005";52
"41005";"1782";"";2;"01";"T";"";735;95;"402/2014/41";"GFT20";"41005";52
"41005";"1782";"";2;"03";"T";"";257;16;"402/2014/41";"GFT20";"41005";52
"41005";"1784/1";"";1;"01";"T";"";32;;"402/2014/41";"GFT20";"41005";51
"41005";"1784/1";"";2;"01";"T";"";124;24;"402/2014/41";"GFT20";"41005";51
"41005";"1784/1";"";8;"01";"T";"";421;;"402/2014/41";"GFT20";"41005";51
"41005";"1784/1";"";8;"05";"T";"";28;;"402/2014/41";"GFT20";"41005";51
"41005";"1785";"";1;"01";"T";"";22;;"695/2020/41";"GFT34";"41005";50
"41005";"1785";"";2;"01";"T";"";16;4;"695/2020/41";"GFT34";"41005";50
"41005";"1785";"";6;"01";"T";"";271;;"695/2020/41";"GFT34";"41005";50
"41005";"1785";"";8;"05";"T";"";15;;"695/2020/41";"GFT34";"41005";50
"41005";"1787";"";2;"01";"T";"";202;36;"10577/2012/41";"GFT31";"41005";48
"41005";"1787";"";2;"03";"T";"";522;10;"10577/2012/41";"GFT31";"41005";48
"41005";"1788/1";"";2;"01";"T";"";482;119;"10577/2012/41";"GFT31";"41005";167
"41005";"1788/1";"";2;"03";"T";"";565;11;"10577/2012/41";"GFT31";"41005";167
"41005";"1788/1";"";8;"01";"T";"";133;;"10577/2012/41";"GFT31";"41005";167
"41005";"1788/2";"";2;"01";"T";"";772;101;"135/2023/41";"GFT31";"41005";167
"41005";"1788/2";"";8;"01";"T";"";9347;;"135/2023/41";"GFT31";"41005";167
"41005";"1789";"";2;"01";"";"";313;52;"10577/2012/41";"GFT31";"41005";49
"41005";"1791";"";8;"01";"";"";56;;"10075/2012/41";"GFT20";"41005";63
"41005";"1794";"";1;"01";"T";"";5;;"10577/2012/41";"GFT31";"41005";166
"41005";"1794";"";2;"01";"T";"";112;10;"10577/2012/41";"GFT31";"41005";166
"41005";"1794";"";6;"01";"T";"";3952;;"10577/2012/41";"GFT31";"41005";166
"41005";"1794";"";8;"01";"T";"";62;;"10577/2012/41";"GFT31";"41005";166
"41005";"1795";"";6;"01";"";"";450;;"10075/2012/41";"GFT20";"41005";166
"41005";"1796/1";"";2;"01";"T";"";278;24;"402/2014/41";"GFT20";"41005";168
"41005";"1796/1";"";2;"03";"T";"";102;5;"402/2014/41";"GFT20";"41005";168
"41005";"1796/1";"";7;"01";"T";"";16309;;"402/2014/41";"GFT20";"41005";168
"41005";"1802";"";8;"01";"";"";15869;;"402/2014/41";"GFT20";"41005";167
